location,total_cases,total_deaths,total_cases_per_million,total_deaths_per_million,reproduction_rate,icu_patients,icu_patients_per_million,hosp_patients,hosp_patients_per_million,weekly_icu_admissions,weekly_icu_admissions_per_million,weekly_hosp_admissions,weekly_hosp_admissions_per_million,total_tests,total_tests_per_thousand,positive_rate,tests_per_case,total_vaccinations,people_vaccinated,people_fully_vaccinated,total_boosters,total_vaccinations_per_hundred,people_vaccinated_per_hundred,people_fully_vaccinated_per_hundred,total_boosters_per_hundred,stringency_index,population_density,median_age,aged_65_older,aged_70_older,gdp_per_capita,extreme_poverty,cardiovasc_death_rate,diabetes_prevalence,female_smokers,male_smokers,handwashing_facilities,hospital_beds_per_thousand,life_expectancy,human_development_index,population,excess_mortality_cumulative_absolute,excess_mortality_cumulative,excess_mortality,excess_mortality_cumulative_per_million
Afghanistan,158059.0,7356.0,3843.027,178.853,1.39,,,,,,,,,,,,,4674518.0,4142857.0,3753224.0,,11.37,10.07,9.13,,56.02,54.422,18.6,2.581,1.337,1803.987,,597.029,9.59,,,37.746,0.5,64.83,0.511,41128772.0,,,,
Africa,9850360.0,228878.0,6904.119,160.421,,,,,,,,,,,,,,303508220.0,193644216.0,124750456.0,892142.0,21.27,13.57,8.74,0.06,,,,,,,,,,,,,,,,1426736614.0,,,,
Albania,208899.0,3212.0,73495.999,1130.064,1.86,,,,,,,,,1423366.0,498.603,0.4156,1067.6,2316606.0,1141486.0,1031132.0,143988.0,81.5,40.16,36.28,5.07,63.89,104.871,38.0,13.188,8.643,11803.431,1.1,304.195,10.08,7.1,51.2,,2.89,78.57,0.795,2842318.0,14654.999,34.73,92.8,5133.621
Algeria,218037.0,6271.0,4855.709,139.656,1.38,52.0,1.158,,,,,,,,,,,12545356.0,7060737.0,5609040.0,25381.0,27.94,15.72,12.49,0.06,85.19,17.348,29.1,6.211,3.857,13913.839,0.5,278.364,6.73,0.7,30.4,83.741,1.9,76.88,0.748,44903228.0,,,,
American Samoa,11.0,,248.335,,,,,,,,,,,,,,,,,,,,,,,,278.205,,,,,,283.75,,,,,,73.74,,44295.0,,,,
Andorra,23122.0,140.0,289593.327,1753.441,1.63,,,,,,,,,266810.0,3375.889,0.2835,156.5,117246.0,57085.0,51392.0,8769.0,146.85,71.5,64.37,10.98,55.56,163.755,,,,,,109.135,7.97,29.0,37.8,,,83.73,0.868,79843.0,140.20001,29.22,72.69,1773.4042
Angola,76787.0,1757.0,2157.605,49.369,2.94,,,,,,,,,,,,,11615144.0,7685417.0,3929727.0,,32.64,21.59,11.04,,71.59,23.89,16.8,2.405,1.362,5819.495,,276.045,3.94,,,26.664,,61.15,0.581,35588996.0,,,,
Anguilla,1674.0,5.0,105435.536,314.921,,,,,,,,,,51382.0,3261.728,0.1615,1181.8,20284.0,10079.0,9223.0,982.0,127.76,63.48,58.09,6.19,,,,,,,,,,,,,,81.88,,15877.0,,,,
Antigua and Barbuda,4295.0,119.0,45802.585,1269.036,1.48,,,,,,,,,16700.0,179.146,0.6099,181.8,121146.0,62283.0,58863.0,,129.19,66.42,62.77,,,231.845,32.1,6.933,4.631,21490.943,,191.511,13.17,,,,3.8,77.02,0.778,93772.0,-25.600002,-2.29,91.88,-274.59268
Argentina,5780522.0,118176.0,127015.62,2596.686,2.24,7969.0,175.103,,,,,,,28634195.0,632.426,0.319,55.6,78297805.0,38821593.0,30777189.0,6181673.0,172.04,85.3,67.63,13.58,84.26,16.177,31.9,11.198,7.441,18933.907,0.6,191.032,5.5,16.2,27.7,,5.0,76.67,0.845,45510324.0,131388.0,22.1,75.38,2901.8843
Armenia,344930.0,7972.0,124054.477,2867.139,1.47,,,,,,,,,2573937.0,922.236,0.214,71.4,1626738.0,934028.0,692082.0,628.0,58.51,33.59,24.89,0.02,,102.931,35.7,11.232,7.571,8787.58,1.8,341.01,7.11,1.5,52.1,94.043,4.2,75.09,0.776,2780472.0,19881.4,40.01,115.09,7123.4707
Aruba,19021.0,181.0,178669.723,1700.185,,,,,,,,,,793.0,7.443,,,163759.0,84751.0,79008.0,,153.82,79.61,74.21,,67.59,584.8,41.2,13.085,7.452,35973.781,,,11.62,,,,,76.29,,106459.0,352.2,26.65,120.18,3305.7078
Asia,84845091.0,1259185.0,17970.388,266.698,,,,,,,,,,,,,,6219611612.0,3114466115.0,2649550680.0,207409465.0,131.73,65.97,56.12,4.39,,,,,,,,,,,,,,,,4721383370.0,,,,
Australia,366607.0,2443.0,14004.709,93.325,2.21,312.0,11.919,1605.0,61.312,,,,,54958964.0,2120.241,0.0745,15559.8,42580539.0,20444346.0,19755837.0,2380356.0,162.66,78.1,75.47,9.09,78.24,3.202,37.9,15.504,10.129,44648.71,0.5,107.791,5.07,13.0,16.5,,3.84,83.44,0.944,26177410.0,682.90027,0.21,9.86,26.345348
Austria,1264529.0,16698.0,141452.257,1867.865,1.5,664.0,74.276,3415.0,382.007,,,,,123579209.0,13850.938,0.0306,4144.1,16677329.0,6707207.0,6314990.0,3992811.0,186.56,75.03,70.64,44.66,82.41,106.749,44.4,19.202,13.748,45436.686,0.7,145.183,6.35,28.4,30.9,,7.37,81.54,0.922,8939617.0,14493.599,8.85,40.03,1624.463
Azerbaijan,616352.0,8346.0,59504.476,805.748,1.71,,,,,,,,,5863885.0,568.592,0.2695,206.1,11346166.0,5169382.0,4676520.0,1500264.0,109.54,49.91,45.15,14.48,89.81,119.309,32.4,6.018,3.871,15847.419,,559.812,7.11,0.3,42.5,83.241,4.7,73.0,0.756,10358078.0,36796.594,32.42,79.24,3567.9844
Bahamas,24476.0,717.0,59699.163,1748.827,1.52,,,,,,,,,185443.0,454.622,0.2593,67.9,300214.0,157041.0,147365.0,6954.0,73.22,38.3,35.94,1.7,74.54,39.497,34.3,8.996,5.2,27717.847,,235.954,13.17,3.1,20.4,,2.9,73.92,0.814,409989.0,1073.0001,20.15,114.29,2630.418
Bahrain,281406.0,1394.0,191141.779,946.858,2.06,,,,,,,,,8005638.0,5471.079,0.151,915.9,3226201.0,1203146.0,1177993.0,845062.0,219.14,81.72,80.01,57.4,66.67,1935.907,32.4,2.372,1.387,43290.705,,151.689,16.52,5.8,37.6,,2.0,77.29,0.852,1472237.0,,,,
Bangladesh,1585539.0,28072.0,9262.063,163.985,1.69,,,,,,,,,11492843.0,67.862,0.3108,95.2,106575146.0,65835395.0,40739751.0,,62.26,38.46,23.8,,93.52,1265.036,27.5,5.098,3.262,3523.984,14.8,298.003,8.38,1.0,44.7,34.808,0.8,72.59,0.632,171186368.0,,,,
Barbados,28310.0,260.0,100516.251,923.145,1.52,,,,,,,,,,,,,299629.0,155952.0,143677.0,,106.38,55.37,51.01,,74.07,664.463,39.8,14.952,9.473,16978.068,,170.05,13.57,1.9,14.5,88.469,5.8,79.19,0.814,281646.0,-97.2,-1.7,40.24,-345.65652
Belarus,697600.0,5561.0,73162.372,583.222,1.17,,,,,,,,,11022249.0,1150.768,0.1221,24.1,7708200.0,4356041.0,3228165.0,114146.0,80.84,45.68,33.86,1.2,43.52,46.858,40.3,14.799,9.788,17167.967,,443.129,5.18,10.5,46.1,,11.0,74.79,0.823,9534956.0,31222.4,21.84,39.9,3259.745
Belgium,2096712.0,28356.0,179883.824,2432.755,1.52,947.0,81.246,3750.0,321.725,,,2257.0,193.635,27361349.0,2356.417,0.175,100.0,21732553.0,8942495.0,8832279.0,4386406.0,186.45,76.72,75.78,37.63,75.93,375.564,41.8,18.571,12.849,42658.576,0.2,114.898,4.29,25.1,31.4,,5.64,81.63,0.931,11655923.0,20213.0,15.55,30.07,1740.7869
Belize,32067.0,597.0,79122.099,1473.037,1.65,,,,,,,,,363915.0,909.717,0.2316,215.9,424634.0,230125.0,199119.0,,104.77,56.78,49.13,,75.93,16.426,25.0,3.853,2.279,7824.362,,176.957,17.11,,,90.083,1.3,74.62,0.716,405285.0,544.4,13.89,82.98,1360.8741
Benin,25044.0,161.0,1875.553,12.057,0.86,,,,,,,,,,,,,1773592.0,1699784.0,1319264.0,,13.28,12.73,9.88,,50.0,99.11,18.8,3.244,1.942,2064.236,49.6,235.848,0.99,0.6,12.3,11.035,0.5,61.77,0.545,13352864.0,,,,
Bermuda,6331.0,106.0,98602.956,1650.91,,,,,,,,,,,,,,112695.0,46194.0,45213.0,20267.0,175.52,71.95,70.42,31.57,79.63,1308.82,,,,50669.315,,139.547,13.0,,,,,82.59,,64207.0,176.20001,15.79,136.71,2743.993
Bhutan,2660.0,3.0,3399.548,3.834,1.4,,,,,,,,,1288876.0,1657.748,0.0082,18720.3,1154843.0,589762.0,565081.0,,147.59,75.37,72.22,,81.94,21.188,28.6,4.885,2.977,8708.597,1.5,217.066,9.75,,,79.807,1.7,71.78,0.654,782457.0,-119.399994,-1.99,24.41,-153.56912
Bolivia,591773.0,19650.0,48410.298,1607.478,1.48,235.0,19.224,2433.0,199.033,,,,,3076104.0,254.656,0.4346,18.3,9792844.0,5635100.0,4593214.0,548041.0,80.11,46.1,37.58,4.48,56.48,10.202,25.4,6.704,4.393,6885.829,7.1,204.299,6.89,,,25.383,1.1,71.51,0.718,12224114.0,53088.004,56.24,127.27,4394.8936
Bonaire Sint Eustatius and Saba,3239.0,22.0,119732.367,813.249,,,,,,,,,,,,,,35845.0,19109.0,16736.0,,132.5,70.64,61.87,,,,,,,,,,,,,,,77.79,,27052.0,,,,
Bosnia and Herzegovina,290471.0,13428.0,89830.928,4152.737,1.74,,,,,,,,,1483234.0,453.458,0.7422,612.7,1553874.0,882641.0,720631.0,22572.0,48.06,27.3,22.29,0.7,45.37,68.496,42.5,16.569,10.711,11713.895,0.2,329.635,10.08,30.2,47.7,97.164,3.5,77.4,0.78,3233530.0,19123.201,26.49,102.26,5846.379
Botswana,222053.0,2452.0,84421.169,932.213,1.43,,,,,,,,,2026898.0,783.063,0.8899,125.6,1128095.0,1169197.0,1033971.0,,42.89,44.45,39.31,,73.15,4.044,25.8,3.941,2.242,15807.374,,237.372,4.81,5.7,34.4,,1.8,69.59,0.735,2630300.0,,,,
Brazil,22263834.0,618817.0,103401.94,2874.028,1.48,,,,,,,,,66100617.0,308.411,,,331273910.0,166195505.0,143436012.0,26571077.0,153.86,77.19,66.62,12.34,76.39,25.04,33.5,8.552,5.06,14103.452,3.4,177.961,8.11,10.1,17.9,,2.2,75.88,0.765,215313504.0,666455.6,27.07,83.18,3109.5383
British Virgin Islands,3256.0,39.0,103919.316,1244.734,,,,,,,,,,,,,,35799.0,18432.0,17005.0,,114.26,58.83,54.27,,,207.973,,,,,,,13.67,,,,,79.07,,31332.0,,,,
Brunei,15474.0,61.0,34463.098,135.857,1.57,,,,,,,,,93192.0,209.245,,,898401.0,405888.0,400691.0,,200.09,90.4,89.24,,76.85,81.347,32.4,4.591,2.382,71809.251,,201.285,12.79,2.0,30.9,,2.7,75.86,0.838,449002.0,39.800003,1.11,128.97,89.361496
Bulgaria,744298.0,30890.0,109746.821,4554.734,1.69,799.0,117.813,10355.0,1526.846,,,,,7419396.0,1077.482,0.236,231.1,3700660.0,1904143.0,1914910.0,275053.0,54.57,28.08,28.24,4.06,62.96,65.18,44.7,20.801,13.272,18563.307,1.5,424.688,5.81,30.1,44.4,,7.454,75.05,0.816,6781955.0,56731.0,26.42,102.21,8238.763
Burkina Faso,17632.0,318.0,777.639,14.025,1.23,,,,,,,,,,,,,1053330.0,972376.0,649320.0,,4.65,4.29,2.86,,30.56,70.151,17.6,2.409,1.358,1703.102,43.7,269.048,2.42,1.6,23.9,11.877,0.4,61.58,0.452,22673764.0,,,,
Burundi,30550.0,14.0,2370.131,1.086,1.21,,,,,,,,,,,,,7543.0,4010.0,3533.0,,0.06,0.03,0.03,,27.31,423.062,17.5,2.562,1.504,702.225,71.7,293.068,6.05,,,6.144,0.8,61.58,0.433,12889583.0,,,,
Cambodia,120493.0,3012.0,7185.954,179.629,1.96,,,,,,,,,2289480.0,138.012,0.2509,728.7,30456720.0,14262170.0,13659518.0,3588183.0,181.64,85.06,81.46,21.4,83.8,90.672,25.6,4.412,2.385,3645.07,,270.892,4.0,2.0,33.7,66.229,0.8,69.82,0.594,16767851.0,,,,
Cameroon,109666.0,1853.0,3928.633,66.381,0.65,,,,,,,,,,,,,1020007.0,834112.0,659641.0,,3.65,2.99,2.36,,41.67,50.885,18.8,3.165,1.919,3364.926,23.8,244.661,7.2,,,2.735,1.3,59.29,0.563,27914542.0,,,,
Canada,2102470.0,29958.0,54674.47,779.054,1.67,1387.0,36.069,4930.0,128.204,,,,,52662229.0,1380.218,0.2292,182.0,68836546.0,31746146.0,29437317.0,7653083.0,179.01,82.56,76.55,19.9,75.46,4.037,41.4,16.984,10.797,44017.591,0.5,105.599,7.37,12.0,16.6,,2.5,82.43,0.929,38454328.0,24567.2,4.42,15.01,643.87866
Cape Verde,40738.0,352.0,68679.383,593.43,2.95,,,,,,,,,,,,,571130.0,302802.0,255954.0,,96.29,51.05,43.15,,73.3,135.58,25.7,4.46,3.437,6222.554,,182.219,2.42,2.1,16.5,,2.1,72.98,0.665,593162.0,569.80005,10.91,48.25,969.1532
Cayman Islands,8818.0,11.0,128314.077,160.065,,,,,,,,,,,,,,130608.0,58591.0,56891.0,,190.05,85.26,82.78,,,256.496,,,,49903.029,,,13.22,,,,,83.92,,68722.0,,,,
Central African Republic,12454.0,101.0,2232.24,18.103,1.18,,,,,,,,,,,,,436772.0,375096.0,334906.0,,7.83,6.72,6.0,,24.07,7.479,18.3,3.655,2.251,661.24,,435.727,6.1,,,16.603,1.0,53.28,0.397,5579148.0,,,,
Chad,5701.0,181.0,321.667,10.213,1.28,,,,,,,,,,,,,285922.0,205259.0,80663.0,,1.61,1.16,0.46,,77.31,11.833,16.7,2.486,1.446,1768.153,38.4,280.995,6.1,,,5.818,,54.24,0.398,17723312.0,,,,
Chile,1804682.0,39096.0,92058.065,1994.314,1.35,3406.0,173.742,,,1701.0,86.769,4486.0,228.834,27121207.0,1391.317,0.1224,119.9,44314172.0,17307888.0,16547811.0,11032389.0,226.05,88.29,84.41,56.28,84.72,24.282,35.4,11.087,6.938,22767.037,1.3,127.993,8.46,34.2,41.5,,2.11,80.18,0.851,19603736.0,37974.297,18.95,44.18,1948.0808
China,132071.0,5699.0,92.624,3.997,1.58,,,,,,,,,,,0.0,1023631.9,2835332000.0,1259967000.0,1207413000.0,120580000.0,198.85,88.36,84.68,8.46,79.17,147.674,38.7,10.641,5.929,15308.712,0.7,261.899,9.74,1.9,48.4,,4.34,76.91,0.761,1425887360.0,,,,
Colombia,5138603.0,129866.0,99059.263,2503.488,2.01,,,,,,,,,29564153.0,573.877,0.341,27.0,64690489.0,38353097.0,28323837.0,3324832.0,124.71,73.94,54.6,6.41,81.02,44.223,32.2,7.646,4.312,13254.949,4.5,124.24,7.44,4.7,13.5,65.386,1.71,77.29,0.767,51874028.0,163914.56,38.4,113.48,3181.784
Comoros,6515.0,157.0,7785.77,187.623,1.11,,,,,,,,,,,,,581547.0,335408.0,246139.0,,69.5,40.08,29.41,,,437.352,20.4,2.963,1.726,1413.89,18.1,261.516,11.88,4.4,23.6,15.574,2.2,64.32,0.554,836783.0,,,,
Congo,21277.0,369.0,3563.73,61.805,0.87,,,,,,,,,,,,,758891.0,622886.0,135954.0,,12.71,10.43,2.28,,57.41,15.405,19.0,3.402,2.063,4881.406,37.0,344.094,7.2,1.7,52.3,47.964,,64.57,0.574,5970430.0,,,,
Cook Islands,,,,,,,,,,,,,,,,,,25339.0,12841.0,12498.0,,148.77,75.39,73.38,,,,,,,,,,,,,,,76.25,,17032.0,,,,
Costa Rica,570960.0,7354.0,110206.152,1419.462,1.35,,,,,,,,,2266262.0,439.713,0.329,55.6,7756348.0,3944932.0,3505176.0,306240.0,149.71,76.14,67.66,5.91,66.67,96.079,33.6,9.468,5.694,15524.995,1.3,137.973,8.78,6.4,17.4,83.841,1.13,80.28,0.81,5180836.0,5981.4004,12.48,48.88,1160.5448
Cote d'Ivoire,68146.0,712.0,2419.91,25.284,2.25,,,,,,,,,1233370.0,44.885,0.2794,221.2,7113233.0,4950775.0,2162458.0,,25.26,17.58,7.68,,25.93,76.399,18.7,2.933,1.582,3601.006,28.2,303.74,2.42,,,19.351,,57.78,0.538,28160548.0,,,,
Croatia,709678.0,12493.0,176082.986,3099.722,1.47,,,2729.0,677.111,,,1871.0,464.28,3757416.0,925.441,0.4708,56.9,4729751.0,2259393.0,1953540.0,,117.35,56.06,48.47,,62.04,73.726,44.0,19.724,13.053,22669.797,0.7,253.782,5.59,34.3,39.9,,5.54,78.49,0.851,4030361.0,16540.4,16.13,84.89,4073.8508
Cuba,965571.0,8322.0,86117.905,742.227,2.24,,,,,,,,,5296762.0,470.557,0.0879,82.5,30874045.0,10448955.0,9672464.0,2174094.0,275.36,93.19,86.27,19.39,81.48,110.408,43.1,14.738,9.719,,,190.968,8.27,17.1,53.3,85.198,5.2,78.8,0.783,11212198.0,53645.6,25.52,194.86,4765.7983
Curacao,20199.0,187.0,105658.226,978.172,,,,,,,,,,1342.0,7.051,1.0,1.7,217092.0,104386.0,96611.0,16095.0,113.56,54.6,50.54,8.42,,362.644,41.7,16.367,10.068,,,,11.62,,,,,78.88,,191173.0,,,,
Cyprus,161779.0,646.0,180555.509,720.977,1.73,57.0,63.616,301.0,335.935,28.0,30.949,245.0,273.017,19402172.0,21654.041,0.0558,790.4,1541159.0,640890.0,607884.0,268304.0,172.0,71.53,67.84,29.94,84.26,127.657,37.3,13.416,8.563,32415.132,,141.171,9.24,19.6,52.7,,3.4,80.98,0.887,896007.0,1211.2,9.71,57.8,973.48236
Czechia,2517358.0,36332.0,239885.687,3462.172,1.68,1896.0,180.675,9552.0,910.235,757.0,72.137,7294.0,695.065,47161361.0,4486.964,0.223,1000.0,15492044.0,6827629.0,6658951.0,2409312.0,147.63,65.06,63.45,22.96,81.48,137.176,43.3,19.027,11.58,32605.906,,227.485,6.82,30.5,38.3,,6.63,79.38,0.9,10493990.0,41137.2,21.61,63.21,3913.8223
Democratic Republic of Congo,79273.0,1225.0,800.655,12.372,1.21,,,,,,,,,,,,,333589.0,257013.0,117844.0,,0.34,0.26,0.12,,52.78,35.879,17.0,3.02,1.745,808.133,77.1,318.949,6.1,,,4.472,,60.68,0.48,99010216.0,,,,
Denmark,783702.0,3256.0,133231.468,553.529,1.42,141.0,23.97,964.0,163.883,,,1062.0,180.543,53569800.0,9150.599,0.1133,424.5,11949786.0,4718366.0,4532089.0,2744398.0,203.15,80.21,77.05,46.66,70.37,136.52,42.3,19.677,12.325,46682.515,0.2,114.767,6.41,19.3,18.8,,2.5,80.9,0.94,5882259.0,801.2998,0.73,17.33,136.87498
Djibouti,13632.0,189.0,12162.187,168.622,1.99,,,,,,,,,,,,,64721.0,38634.0,26087.0,,5.77,3.45,2.33,,49.07,41.285,25.4,4.213,2.38,2705.406,22.5,258.037,6.05,1.7,24.5,,1.4,67.11,0.524,1120851.0,,,,
Dominica,6814.0,47.0,93652.932,645.977,1.08,,,,,,,,,,,,,57044.0,29426.0,27618.0,,78.4,40.44,37.96,,73.24,98.567,,,,9673.367,,227.376,11.62,,,,3.8,75.0,0.742,72758.0,,,,
Dominican Republic,417268.0,4246.0,37160.446,378.134,1.62,,,,,,,,,2191882.0,197.149,0.5118,43.2,14086551.0,6938596.0,5699587.0,1448368.0,125.45,61.79,50.76,12.9,71.3,222.873,27.6,6.981,4.419,14600.861,1.6,266.653,8.2,8.5,19.1,55.182,1.6,74.08,0.756,11228821.0,7128.401,8.19,36.03,641.1659
Ecuador,545800.0,33669.0,30320.534,1870.396,1.26,,,,,,,,,2046961.0,115.012,0.411,14.5,27566331.0,14224604.0,12690467.0,1127965.0,153.14,79.02,70.5,6.27,75.46,66.939,28.1,7.104,4.458,10581.936,3.6,140.448,5.55,2.0,12.3,80.635,1.5,77.01,0.759,18001002.0,67451.8,56.37,117.54,3789.909
Egypt,384728.0,21727.0,3466.327,195.756,1.43,,,,,,,,,,,,,52819190.0,33098284.0,20627388.0,,47.59,29.82,18.58,,59.26,97.999,25.3,5.159,2.891,10550.206,1.3,525.432,17.31,0.2,50.1,89.827,1.6,71.99,0.707,110990096.0,280173.22,25.55,68.85,2564.2285
El Salvador,121741.0,3823.0,19212.981,603.34,1.19,,,,,,,,,1162090.0,184.045,0.136,76.9,9620698.0,4483699.0,4156783.0,980216.0,151.83,70.76,65.6,15.47,47.22,307.811,27.6,8.273,5.417,7292.458,2.2,167.295,8.87,2.5,18.8,90.65,1.3,73.32,0.673,6336393.0,,,,
England,,,,,,3736.0,66.065,34336.0,607.179,,,26682.0,471.83,,,,,111916669.0,43513898.0,39817420.0,28585351.0,197.91,76.95,70.41,50.55,,,,,,,,,,,,,,,,56550000.0,,,,
Equatorial Guinea,13710.0,175.0,8185.485,104.483,1.3,,,,,,,,,267432.0,163.62,0.1531,1650.3,452666.0,249276.0,203390.0,,27.03,14.88,12.14,,,45.194,22.4,2.846,1.752,22604.873,,202.812,7.78,,,24.64,2.1,58.74,0.592,1674916.0,,,,
Eritrea,7982.0,75.0,2166.643,20.358,1.35,,,,,,,,,,,,,,,,,,,,,,44.304,19.3,3.607,2.171,1510.459,,311.11,6.05,0.2,11.4,,0.7,66.32,0.459,3684041.0,,,,
Estonia,241810.0,1932.0,182351.681,1456.943,1.43,69.0,52.034,733.0,552.764,57.0,42.799,568.0,427.993,2536827.0,1909.253,0.2208,121.4,1808861.0,842134.0,827644.0,331408.0,136.41,63.51,62.41,24.99,64.7,31.033,42.7,19.452,13.491,29481.252,0.5,255.569,4.02,24.5,39.3,,4.69,78.74,0.892,1326064.0,2956.1997,9.47,45.81,2224.8745
Eswatini,65832.0,1299.0,54783.303,1080.987,4.0,,,,,,,,,,,,,399616.0,334088.0,301243.0,,33.25,27.8,25.07,,75.0,79.492,21.5,3.163,1.845,7738.975,,333.436,3.94,1.7,16.5,24.097,2.1,60.19,0.611,1201680.0,,,,
Ethiopia,415443.0,6926.0,3367.185,56.136,2.91,,,,,,,,,4112267.0,34.188,0.4357,64.2,10916152.0,9344163.0,,,8.85,7.57,,,51.85,104.957,19.8,3.526,2.063,1729.927,26.7,182.634,7.47,0.4,8.5,7.96,0.3,66.6,0.485,123379928.0,,,,
Europe,87965180.0,1567787.0,118104.536,2104.955,,,,,,,,,,,,,,1107416977.0,487520926.0,451236010.0,179137188.0,148.68,65.46,60.58,24.05,,,,,,,,,,,,,,,,744807803.0,,,,
European Union,55073543.0,913721.0,122345.741,2029.829,,,,,,,,,,,,,,748273871.0,323557350.0,307682353.0,131329463.0,166.23,71.88,68.35,29.17,,,,,,,,,,,,,,,,450146793.0,,,,
Faeroe Islands,5769.0,14.0,108609.296,263.569,,,,,,,,,,641176.0,12123.279,0.0649,46.6,96235.0,41437.0,40528.0,14270.0,181.18,78.01,76.3,26.87,59.26,35.308,,,,,,,,,,,,80.67,,53117.0,,,,
Falkland Islands,82.0,,21573.27,,,,,,,,,,,,,,,4407.0,2632.0,1775.0,,115.94,69.24,46.7,,,,,,,,,,,,,,,81.44,,3801.0,,,,
Fiji,53891.0,698.0,57961.709,750.724,1.95,,,,,,,,,468972.0,507.211,,,1267045.0,661452.0,605593.0,,136.28,71.14,65.13,,92.18,49.562,28.6,6.224,3.284,8702.975,1.4,412.82,14.49,10.2,34.8,,2.3,67.44,0.743,929769.0,,,,
Finland,263856.0,1705.0,47621.033,307.72,1.57,64.0,11.551,376.0,67.861,,,,,8740885.0,1578.919,0.253,200.0,9616819.0,4275263.0,4085397.0,1132671.0,173.57,77.16,73.73,20.44,52.31,18.136,42.8,21.228,13.264,40585.721,,153.507,5.76,18.3,22.6,,3.28,81.91,0.938,5540745.0,2844.9001,2.59,19.67,513.8926
France,9482582.0,120962.0,146728.723,1871.705,1.71,6001.0,88.493,31262.0,461.003,3467.0,51.126,15034.0,221.698,196119209.0,2908.831,0.153,142.9,124246390.0,53230310.0,49647205.0,22448954.0,183.22,78.5,73.21,33.1,75.0,122.578,42.0,19.718,13.079,38605.671,,86.06,4.77,30.1,35.6,,5.98,82.66,0.901,67813000.0,78311.2,7.7,15.92,1213.5355
French Guiana,48399.0,339.0,158910.325,1113.052,,,,,,,,,,,,,,,,,,,,,,,,25.3,,2.897,,,,,,,,,79.95,,304568.0,224.59999,11.52,115.69,755.0544
French Polynesia,46425.0,636.0,151571.05,2076.45,,,,,,,,,,,,,,329095.0,169995.0,159100.0,,107.44,55.5,51.94,,,77.324,32.7,7.775,4.593,,,,22.63,,,,,77.66,,306292.0,560.7001,18.78,276.24,1844.1776
Gabon,41798.0,288.0,17496.045,120.553,1.46,,,,,,,,,1394773.0,595.757,0.6613,817.2,392898.0,219775.0,173123.0,,16.45,9.2,7.25,,68.52,7.859,23.1,4.45,2.976,16562.413,3.4,259.967,7.2,,,,6.3,66.47,0.703,2388997.0,,,,
Gambia,10170.0,343.0,3758.322,126.756,1.22,,,,,,,,,132861.0,50.328,0.3854,1566.4,294698.0,263056.0,249515.0,,10.89,9.72,9.22,,45.37,207.566,17.5,2.339,1.417,1561.767,10.1,331.43,1.91,0.7,31.2,7.876,1.1,62.05,0.496,2705995.0,,,,
Georgia,934741.0,13800.0,249638.058,3685.518,1.32,,,,,,,,,11144737.0,2965.619,0.1328,79.7,2512858.0,1363896.0,1148962.0,,67.11,36.43,30.68,,84.26,65.032,38.7,14.864,10.244,9745.079,4.2,496.218,7.11,5.3,55.5,,2.6,73.77,0.812,3744385.0,20504.201,22.8,75.51,5456.1704
Germany,7164980.0,118479.0,85942.11,1421.125,1.55,5761.0,69.102,,,2445.0,29.327,11680.0,140.099,92472500.0,1108.669,0.21,125.0,153966358.0,62755976.0,59158121.0,34336313.0,184.68,75.27,70.96,41.19,85.19,237.016,46.6,21.453,15.957,45229.245,,156.139,8.31,28.2,33.1,,8.0,81.33,0.947,83369840.0,88390.51,4.63,36.11,1059.7295
Ghana,146119.0,1306.0,4364.905,39.013,1.26,,,,,,,,,2132704.0,64.956,0.2351,348.2,7755231.0,5774413.0,2334010.0,,23.17,17.25,6.97,,51.46,126.719,21.1,3.385,1.948,4227.63,12.0,298.245,4.97,0.3,7.7,41.047,0.9,64.07,0.611,33475870.0,,,,
Gibraltar,8533.0,100.0,261131.683,3060.256,,,,,,,,,,,,,,108323.0,41173.0,40065.0,27085.0,331.5,126.0,122.61,82.89,,3457.1,,,,,,,,,,,,79.93,,32677.0,19.600002,5.77,157.23,599.4251
Greece,1170293.0,20708.0,112691.012,1994.035,1.78,,,,,389.0,37.477,3723.0,358.516,47248945.0,4523.436,0.068,96.0,17469497.0,7469369.0,7041133.0,3530076.0,168.22,71.92,67.8,33.99,88.89,83.479,45.3,20.396,14.524,24574.382,1.5,175.695,4.55,35.3,52.0,,4.21,82.24,0.888,10384972.0,23794.098,9.54,61.1,2277.9568
Greenland,2501.0,1.0,44270.188,17.701,,,,,,,,,,,,,,78500.0,40447.0,38053.0,,138.95,71.6,67.36,,55.56,0.137,,,,,,199.941,2.16,,,,,71.7,,56494.0,-21.800001,-3.4,32.56,-387.44537
Grenada,6073.0,200.0,48406.252,1594.146,2.24,,,,,,,,,,,,,78476.0,41287.0,35457.0,,62.55,32.91,28.26,,,317.132,29.4,7.304,5.021,13593.877,,243.964,10.71,,,,3.7,72.4,0.779,125459.0,,,,
Guadeloupe,55795.0,831.0,140981.196,2099.747,,,,,,,,,,,,,,,,,,,,,,,,43.4,,,,,,,,,,,82.14,,395762.0,1170.0,18.77,343.02,2954.1204
Guam,15352.0,270.0,89368.564,1571.75,,,,,,,,,,214126.0,1255.621,0.445,500.0,,,,,,,,,,304.128,31.4,9.551,5.493,,,310.496,21.52,,,,,80.07,,171783.0,,,,
Guatemala,626675.0,16102.0,35119.817,902.38,1.53,,,,,,,,,3281001.0,186.331,0.3485,22.0,11310579.0,6535250.0,4686883.0,88446.0,63.39,36.62,26.27,0.5,66.2,157.834,22.9,4.694,3.016,7423.808,8.7,155.898,10.18,,,76.665,0.6,74.3,0.663,17843914.0,43507.305,26.72,136.85,2470.815
Guernsey,7802.0,24.0,123197.903,378.973,,,,,,,,,,,,,,106109.0,32969.0,13618.0,,167.55,52.06,21.5,,,,,,,,,,,,,,,,,63329.0,,,,
Guinea,32448.0,391.0,2341.236,28.212,1.29,,,,,,,,,,,,,2952253.0,2026767.0,925486.0,,21.3,14.62,6.68,,68.13,51.755,19.0,3.135,1.733,1998.926,35.3,336.717,2.42,,,17.45,0.3,61.6,0.477,13859349.0,,,,
Guinea-Bissau,6484.0,149.0,3079.437,70.764,1.39,,,,,,,,,,,,,413938.0,390794.0,23144.0,,19.66,18.56,1.1,,,66.191,19.4,3.002,1.565,1548.675,67.1,382.474,2.42,,,6.403,,58.32,0.48,2105580.0,,,,
Guyana,39238.0,1051.0,48518.227,1299.573,1.69,,,,,,,,,38548.0,47.911,0.2649,55.2,715724.0,410499.0,294160.0,11065.0,88.5,50.76,36.37,1.37,73.25,3.952,26.3,5.305,2.837,7435.047,,373.159,11.62,,,77.159,1.6,69.91,0.682,808727.0,,,,
Haiti,26169.0,773.0,2258.869,66.724,1.39,,,,,,,,,,,,,197175.0,123936.0,73580.0,,1.7,1.07,0.64,,64.81,398.448,24.3,4.8,2.954,1653.173,23.5,430.548,6.65,2.9,23.1,22.863,0.7,64.0,0.51,11585003.0,,,,
High income,135591338.0,2040231.0,108428.433,1631.513,,,,,,,,,,,,,,2082674428.0,936142456.0,861435490.0,304488134.0,166.55,74.86,68.89,24.35,,,,,,,,,,,,,,,,1250514600.0,,,,
Honduras,379542.0,10434.0,36379.485,1000.109,1.08,,,,,,,,,,,,,9589064.0,4915362.0,4296605.0,377472.0,91.91,47.11,41.18,3.62,93.52,82.805,24.9,4.652,2.883,4541.795,16.0,240.208,7.21,2.0,,84.169,0.7,75.27,0.634,10432858.0,,,,
Hong Kong,,,,,,,,,,,,,,30289486.0,4041.52,0.0012,50000.0,9925507.0,4876264.0,4662015.0,387228.0,132.54,65.11,62.25,5.17,71.3,7039.714,44.8,16.303,10.158,56054.92,,,8.33,,,,,84.86,0.949,7488863.0,3206.0,3.88,11.01,427.77582
Hungary,1256415.0,39186.0,126053.645,3931.454,1.77,,,,,,,,,8718519.0,897.911,0.2688,217.9,15074636.0,6266064.0,5981569.0,3176553.0,151.24,62.87,60.01,31.87,79.63,108.043,43.4,18.577,11.976,26777.561,0.5,278.296,7.55,26.8,34.8,,7.02,76.88,0.854,9967304.0,35394.3,13.64,74.98,3645.2202
Iceland,28286.0,36.0,75853.506,96.54,1.7,,,,,,,28.0,74.419,846941.0,2286.959,,,716926.0,288241.0,283920.0,200913.0,192.26,77.3,76.14,53.88,65.74,3.404,37.3,14.431,9.207,46482.958,0.2,117.992,5.31,14.3,15.2,,2.91,82.99,0.949,372903.0,57.4,1.47,47.21,154.99355
India,34838804.0,481080.0,24583.308,339.465,2.1,,,,,,,,,677878255.0,481.597,0.2268,193.8,1448865422.0,845640601.0,603224821.0,,102.24,59.67,42.57,,81.94,450.419,28.2,5.989,3.414,6426.674,21.2,282.28,10.39,1.9,20.6,59.55,0.53,69.66,0.645,1417173120.0,,,,
Indonesia,4262720.0,144094.0,15472.592,523.025,1.42,,,,,,,,,42486162.0,155.199,0.3054,1125.7,274749184.0,161082857.0,113666327.0,,99.73,58.47,41.26,,73.66,145.725,29.3,5.319,3.053,11188.744,5.7,342.864,6.32,2.8,76.1,64.204,1.04,71.72,0.718,275501344.0,,,,
Iran,6192698.0,131572.0,69934.029,1485.84,1.6,,,,,,,,,41982912.0,477.494,0.5375,55.2,116210697.0,59498870.0,51194091.0,3772199.0,131.24,67.19,57.81,4.26,83.33,49.831,32.4,5.44,3.182,19082.62,0.2,270.308,9.59,0.8,21.1,,1.5,76.68,0.783,88550568.0,251753.06,34.25,158.99,2863.3215
Iraq,2093436.0,24154.0,47047.604,542.834,1.44,,,,,,,,,16789447.0,385.666,0.2474,53.5,14140578.0,8482581.0,5639110.0,,31.78,19.06,12.67,,84.26,88.125,20.0,3.186,1.957,15663.986,2.5,218.612,8.83,,,94.576,1.4,70.6,0.674,44496124.0,,,,
Ireland,752431.0,6091.0,149793.912,1212.596,1.99,216.0,43.001,1941.0,386.414,143.0,28.458,1307.0,260.276,10025882.0,2010.595,0.43,50.0,9855169.0,3934586.0,3882699.0,2279053.0,196.2,78.33,77.3,45.37,87.96,69.874,38.7,13.928,8.678,67335.293,0.2,126.459,3.28,23.0,25.7,,2.96,82.3,0.955,5023108.0,3921.8994,6.46,35.71,786.4995
Isle of Man,15366.0,67.0,181773.014,792.581,,,,,,,,,,,,,,177816.0,68790.0,65454.0,43572.0,210.35,81.38,77.43,51.54,,147.872,,,,,,,,,,,,81.4,,84534.0,,,,
Israel,1381938.0,8259.0,146252.302,874.061,2.25,420.0,44.449,2480.0,262.462,202.0,21.378,1985.0,210.075,33793776.0,3637.259,0.096,1000.0,16786452.0,6581194.0,5942734.0,4262524.0,177.65,69.65,62.89,45.11,87.04,402.606,30.6,11.733,7.359,33132.32,0.5,93.32,6.74,15.4,35.4,,2.99,82.97,0.919,9449000.0,7192.8994,8.3,33.6,808.1858
Italy,5981428.0,137247.0,101315.788,2324.744,1.97,3743.0,63.4,33080.0,560.322,1892.0,32.047,13164.0,222.977,140137606.0,2365.578,0.1347,266.9,111379184.0,48450693.0,44729423.0,19703317.0,188.66,82.07,75.76,33.37,83.33,205.859,47.9,23.021,16.24,35220.084,2.0,113.151,4.78,19.8,27.8,,3.18,83.51,0.892,59037472.0,167105.89,15.58,26.21,2820.8127
Jamaica,93591.0,2470.0,33101.647,873.6,2.04,,,,,,,,,709092.0,250.767,0.4219,50.2,1208785.0,712466.0,566887.0,4834.0,42.75,25.2,20.05,0.17,86.11,266.879,31.4,9.684,6.39,8193.571,,206.537,11.28,5.3,28.6,66.425,1.7,74.47,0.734,2827382.0,5134.8,14.56,130.86,1815.8921
Japan,1733788.0,18393.0,13987.61,148.388,1.84,3034.0,24.477,24320.0,196.205,,,,,27993035.0,224.641,0.207,510.0,201971478.0,101215832.0,99712082.0,1043564.0,162.94,81.66,80.44,0.84,55.09,347.778,48.2,27.049,18.493,39002.223,,79.37,5.72,11.2,33.7,,13.05,84.63,0.919,123951696.0,-13147.397,-0.46,4.57,-105.506226
Jersey,19416.0,89.0,175240.983,803.278,,,,,,,,,,,,,,209935.0,81467.0,76997.0,51471.0,189.48,73.53,69.49,46.46,,,,,,,,,,,,,,,,110796.0,,,,
Jordan,1061560.0,12620.0,94060.939,1118.212,1.35,,,,,,,,,13243053.0,1187.901,0.2179,186.0,8265793.0,4331942.0,3933851.0,,73.24,38.38,34.86,,81.48,109.285,23.2,3.81,2.361,8337.49,0.1,208.257,11.75,,,,1.4,74.53,0.729,11285875.0,15042.399,28.37,121.93,1349.3013
Kazakhstan,1072037.0,18227.0,55265.342,939.633,1.4,,,,,,,,,11965068.0,623.295,0.0589,46.9,17501273.0,8986163.0,8515110.0,,90.22,46.33,43.9,,79.17,6.681,30.6,6.991,4.625,24055.588,0.1,466.792,7.11,7.0,43.1,98.999,6.7,73.6,0.825,19397998.0,80686.41,30.47,129.66,4203.1904
Kenya,292237.0,5376.0,5409.043,99.505,2.87,,,,,,,,,2908081.0,54.864,0.3541,157.7,10002184.0,5930258.0,4155832.0,5280.0,18.51,10.98,7.69,0.01,74.07,87.324,20.0,2.686,1.528,2993.028,36.8,218.637,2.92,1.2,20.4,24.651,1.4,66.7,0.601,54027484.0,,,,
Kiribati,,,,,,,,,,,,,,,,,,82167.0,59492.0,22675.0,,62.61,45.33,17.28,,56.94,143.701,23.2,3.895,2.21,1981.132,,434.657,22.66,35.9,58.9,,1.9,68.37,0.63,131237.0,,,,
Kosovo,161399.0,2980.0,90565.985,1672.17,2.21,,,,,,,,,1382762.0,775.911,0.2068,595.3,1673578.0,883919.0,782696.0,7886.0,93.91,49.6,43.92,0.44,75.0,168.155,,,,9795.834,0.6,,,,,,,,,1782115.0,6396.4,36.91,96.54,3848.5652
Kuwait,416631.0,2468.0,97597.125,578.137,1.91,,,,,,,,,5966736.0,1403.9,0.1657,924.9,6942690.0,3334421.0,3216700.0,380911.0,162.63,78.11,75.35,8.92,81.48,232.128,33.7,2.345,1.114,65530.537,,132.235,15.84,2.7,37.0,,2.0,75.49,0.806,4268886.0,6626.4004,52.26,143.01,1559.1123
Kyrgyzstan,184689.0,2802.0,27853.952,422.585,1.42,,,,,,,,,,,,,2255224.0,1231313.0,990973.0,,34.01,18.57,14.95,,58.33,32.333,26.3,4.489,2.882,3393.474,1.4,436.362,7.11,3.6,50.5,89.22,4.5,71.45,0.697,6630621.0,14531.999,22.59,49.0,2226.1907
Laos,111060.0,372.0,14750.028,49.406,2.19,,,,,,,,,849190.0,114.368,0.3356,309.6,5830021.0,3744740.0,3099003.0,,77.43,49.73,41.16,,86.11,29.715,24.4,4.029,2.322,6397.36,22.7,368.111,4.0,7.3,51.2,49.839,1.5,67.92,0.613,7529477.0,,,,
Latvia,276674.0,4570.0,149500.663,2469.397,1.4,238.0,128.603,,,416.0,224.976,1191.0,643.474,5556489.0,2965.17,0.1383,199.8,2555555.0,1314123.0,1262507.0,258489.0,138.09,71.01,68.22,13.97,67.59,31.212,43.9,19.754,14.136,25063.846,0.7,350.06,4.91,25.6,51.0,,5.57,75.29,0.866,1850654.0,7187.201,12.86,79.74,3835.3708
Lebanon,723640.0,9102.0,131816.711,1658.001,1.34,,,,,,,,,4731376.0,846.002,,,4379487.0,2252750.0,1831322.0,295415.0,79.78,41.04,33.36,5.38,92.59,594.561,31.1,8.514,5.43,13367.565,,266.591,12.71,26.9,40.7,,2.9,78.93,0.744,5489744.0,15149.599,31.27,86.62,2708.8525
Lesotho,29652.0,671.0,12859.6,291.002,1.32,,,,,,,,,,,,,857925.0,782175.0,727528.0,,37.21,33.92,31.55,,85.19,73.562,22.2,4.506,2.647,2851.153,59.6,405.126,3.94,0.4,53.9,2.117,,54.33,0.527,2305826.0,,,,
Liberia,6584.0,287.0,1241.634,54.123,1.74,,,,,,,,,,,,,880313.0,784838.0,755263.0,,16.6,14.8,14.24,,55.56,49.127,19.2,3.057,1.756,752.788,38.6,272.509,2.42,1.5,18.1,1.188,0.8,64.1,0.48,5302690.0,,,,
Libya,388183.0,5696.0,56982.296,836.129,1.61,,,,,,,,,,,,,2679874.0,1854197.0,825677.0,,39.34,27.22,12.12,,87.96,3.623,29.0,4.424,2.816,17881.509,,341.862,10.43,,,,3.7,72.91,0.724,6812344.0,,,,
Liechtenstein,6290.0,69.0,159827.214,1753.272,1.63,,,22.0,559.014,,,,,88562.0,2268.552,0.245,166.7,63015.0,26157.0,,12173.0,160.12,66.46,,30.93,60.19,237.012,,,,,,,7.77,,,,2.397,82.49,0.919,39355.0,57.8,18.72,38.1,1479.8505
Lithuania,524426.0,7396.0,190696.342,2689.398,1.65,161.0,58.544,2571.0,934.889,129.0,47.042,,,6905982.0,2478.237,0.24,250.0,4131875.0,1917809.0,1832178.0,652045.0,150.25,69.74,66.62,23.71,79.63,45.135,43.5,19.002,13.778,29524.265,0.7,342.989,3.67,21.3,38.0,,6.56,75.93,0.882,2750058.0,16552.8,22.29,73.4,5940.0317
Low income,1805520.0,42106.0,2447.815,57.085,,,,,,,,,,,,,,76255328.0,55492415.0,27747461.0,,10.34,7.52,3.76,,,,,,,,,,,,,,,,,737604900.0,,,,
Lower middle income,65862873.0,1192986.0,19190.27,347.597,,,,,,,,,,,,,,2815313728.0,1614033886.0,1185090131.0,17170706.0,82.03,47.03,34.53,0.5,,,,,,,,,,,,,,,,3432097300.0,,,,
Luxembourg,102487.0,915.0,158256.396,1412.907,1.88,38.0,58.678,145.0,223.903,24.0,37.186,109.0,168.888,3823304.0,5980.257,0.242,500.0,1076484.0,464399.0,37868.0,208928.0,166.23,71.71,5.85,32.26,67.59,231.447,39.7,14.312,9.842,94277.965,0.2,128.275,4.42,20.9,26.0,,4.51,82.25,0.916,647601.0,133.7,2.88,37.64,209.12517
Macao,,,,,,,,,,,,,,,,,,972604.0,493104.0,461609.0,,139.91,70.93,66.4,,54.63,20546.766,39.2,9.798,4.991,104861.851,,,,,,,,84.24,,695180.0,-4.7999973,-0.11,10.05,-6.9908032
Madagascar,50279.0,1027.0,1697.943,34.682,1.1,,,,,,,,,331121.0,11.451,0.3842,858.1,742069.0,589003.0,541160.0,,2.51,1.99,1.83,,82.41,43.951,19.6,2.929,1.686,1416.44,77.6,405.994,3.94,,,50.54,0.2,67.04,0.528,29611718.0,,,,
Malawi,74201.0,2355.0,3636.356,115.411,2.53,,,,,,,,,309766.0,15.574,0.7944,612.8,1800908.0,1492675.0,705769.0,,8.83,7.32,3.46,,51.85,197.519,18.1,2.979,1.783,1095.042,71.4,227.349,3.94,4.4,24.7,8.704,1.3,64.26,0.483,20405318.0,,,,
Malaysia,2758086.0,31487.0,81267.855,927.774,1.27,1593.0,46.938,14753.0,434.702,,,16562.0,488.004,41845740.0,1246.378,0.1526,43.2,57854193.0,26038354.0,25667317.0,6349060.0,170.47,76.72,75.63,18.71,91.67,96.254,29.9,6.293,3.407,26808.164,0.1,260.942,16.74,1.0,42.4,,1.9,76.16,0.81,33938216.0,26278.799,7.2,73.96,782.71576
Maldives,95700.0,262.0,182704.019,500.193,1.5,,,,,,,,,1870329.0,3586.73,0.3134,81.4,790154.0,396779.0,367450.0,25925.0,150.85,75.75,70.15,4.95,,1454.433,30.6,4.12,2.875,15183.616,,164.905,9.19,2.1,55.0,95.803,,78.92,0.74,523798.0,578.3999,26.18,108.68,1109.1741
Mali,20670.0,658.0,914.861,29.123,1.53,,,,,,,,,,,,,1057653.0,877525.0,392809.0,,4.68,3.88,1.74,,50.93,15.196,16.4,2.519,1.486,2014.306,,268.024,2.42,1.6,23.0,52.232,0.1,59.31,0.434,22593598.0,,,,
Malta,52470.0,477.0,98388.691,894.443,3.62,27.0,50.629,,,14.0,26.873,70.0,130.525,1548862.0,2940.423,0.1543,1677.0,1072274.0,444615.0,435874.0,,201.07,83.37,81.73,,75.0,1454.037,42.4,19.426,11.324,36513.323,0.2,168.711,8.83,20.9,30.2,,4.485,82.53,0.895,533293.0,517.10004,7.04,43.51,981.67834
Marshall Islands,4.0,,96.17,,,,,,,,,,,3184.0,75.719,0.0,,,,,,,,,,,295.15,,,,3819.202,,557.793,30.53,,,82.502,2.7,73.7,0.704,41593.0,,,,
Martinique,49369.0,783.0,134333.029,2130.543,,,,,,,,,,,,,,,,,,,,,,,,45.7,,12.543,,,,,,,,,82.54,,367512.0,948.1,13.2,199.18,2570.7769
Mauritania,41154.0,863.0,8689.344,182.216,2.4,,,,,,,,,254282.0,55.099,0.1813,162.4,1937226.0,1166230.0,767082.0,,40.9,24.62,16.2,,59.26,4.289,20.3,3.138,1.792,3597.633,6.0,232.347,2.42,,,15.95,,64.92,0.546,4736146.0,,,,
Mauritius,91094.0,786.0,70100.456,604.858,1.56,,,,,,,,,,,,,2036896.0,937052.0,909900.0,,156.75,72.11,70.02,,97.22,622.962,37.4,10.945,5.884,20292.745,0.5,224.644,22.02,3.2,40.7,,3.4,74.99,0.804,1299478.0,1097.6001,4.72,89.84,845.0085
Mayotte,21911.0,185.0,67188.367,567.288,,,,,,,,,,,,,,,,,,,,,,,,20.1,,2.411,,,,,,,,,79.46,,326113.0,409.20007,31.51,219.44,1294.8468
Mexico,4034822.0,303822.0,31644.64,2382.841,1.55,,,,,,,,,12043531.0,95.052,0.434,6.4,148814260.0,81916007.0,72780356.0,,116.71,64.25,57.08,,71.76,66.444,29.3,6.857,4.321,17336.469,2.5,152.783,13.06,6.9,21.4,87.847,1.38,75.05,0.779,127504120.0,634988.44,50.61,168.45,5011.5444
Micronesia (country),,,,,,,,,,,,,,,,,,,,,,,,,,,150.777,23.0,4.81,2.392,3299.464,16.0,454.343,12.02,,,,,67.88,0.62,114178.0,,,,
Moldova,375780.0,10269.0,114812.345,3137.495,1.31,,,,,,,,,,,0.3568,109.7,1776513.0,989897.0,982152.0,,54.28,30.24,30.01,,73.15,123.655,37.6,10.864,6.955,5189.972,0.2,408.502,5.72,5.9,44.6,86.979,5.8,71.9,0.75,3272993.0,15701.999,22.66,64.34,5128.843
Monaco,5046.0,38.0,138280.672,1041.353,1.43,,,,,,,,,,,,,65140.0,28875.0,25667.0,10598.0,178.51,79.13,70.34,29.04,50.93,19347.5,,,,,,,5.46,,,,13.8,86.75,,36491.0,134.00002,15.58,65.09,3649.9336
Mongolia,693119.0,1986.0,203956.128,584.397,1.48,,,,,,,,,6392729.0,1909.542,0.9912,1378.9,5340605.0,2265984.0,2163572.0,911049.0,157.15,66.68,63.66,26.81,96.3,1.98,28.6,4.031,2.421,11840.846,0.5,460.043,4.82,5.5,46.5,71.18,7.0,69.87,0.737,3398373.0,723.7997,2.06,54.44,216.20276
Montenegro,168338.0,2401.0,268446.551,3828.845,2.33,,,,,,,,,,,,,634517.0,283884.0,272853.0,77780.0,101.19,45.27,43.51,12.4,,46.28,39.1,14.762,9.395,16409.288,1.0,387.305,10.08,44.0,47.9,,3.861,76.88,0.829,627082.0,2982.8994,22.67,86.05,4750.929
Montserrat,45.0,1.0,10197.145,226.603,,,,,,,,,,,,,,3020.0,1547.0,1472.0,,68.43,35.06,33.36,,,,,,,,,,,,,,,74.16,,4413.0,,,,
Morocco,961058.0,14844.0,25656.966,396.284,2.27,,,,,,,,,9881067.0,266.504,0.2382,112.4,50265580.0,24630172.0,22994609.0,,134.19,65.75,61.39,,76.85,80.08,29.6,6.769,4.209,7485.013,1.0,419.146,7.14,0.8,47.1,,1.1,76.68,0.686,37457976.0,,,,
Mozambique,184219.0,1996.0,5587.555,60.541,2.62,,,,,,,,,1067326.0,33.274,0.6374,376.5,14718782.0,8633965.0,6084817.0,,44.64,26.19,18.46,,63.89,37.728,17.7,3.158,1.87,1136.103,62.9,329.942,3.3,5.1,29.1,12.227,0.7,60.85,0.456,32969520.0,,,,
Myanmar,530834.0,19268.0,9797.725,355.634,1.82,,,,,,,,,4791847.0,89.071,0.3826,211.3,31859036.0,18829259.0,13029777.0,,58.8,34.75,24.05,,90.74,81.721,29.1,5.732,3.12,5591.597,6.4,202.104,4.61,6.3,35.2,79.287,0.9,67.13,0.583,54179312.0,,,,
Namibia,148839.0,3645.0,57981.149,1419.932,1.53,,,,,,,,,872058.0,344.666,0.5086,275.2,630212.0,346454.0,283758.0,,24.55,13.5,11.05,,87.04,3.078,22.0,3.552,2.085,9541.808,13.4,243.811,3.94,9.7,34.2,44.6,,63.71,0.646,2567024.0,,,,
Nauru,,,,,,,,,,,,,,,,,,14863.0,7612.0,7251.0,,117.11,59.98,57.13,,,682.45,,,,12895.635,,,24.07,43.0,36.9,,5.0,59.96,,12691.0,,,,
Nepal,828431.0,11594.0,27119.361,379.539,2.19,,,,,,,,,5673353.0,188.891,0.463,52.6,21988516.0,12251183.0,9737333.0,,71.98,40.11,31.88,,97.22,204.43,25.0,5.809,3.212,2442.804,15.0,260.797,7.26,9.5,37.8,47.782,0.3,70.78,0.602,30547586.0,,,,
Netherlands,3114894.0,20885.0,177345.164,1189.079,2.8,769.0,43.783,1918.0,109.201,375.0,21.35,2184.0,124.345,22108497.0,1263.22,0.297,32.3,28509960.0,12616978.0,11782302.0,4861661.0,162.32,71.83,67.08,27.68,82.41,508.544,43.2,18.779,11.881,48472.545,,109.361,5.29,24.4,27.3,,3.32,82.28,0.944,17564020.0,28118.197,9.37,45.74,1606.5984
New Caledonia,12928.0,281.0,44585.614,969.103,,,,,,,,,,,,,,355717.0,182486.0,173231.0,,122.68,62.94,59.74,,,15.342,33.4,9.954,6.489,,,,23.36,,,,,77.55,,289959.0,205.4,6.19,130.32,713.6677
New Zealand,13746.0,51.0,2650.961,9.836,2.14,,,,,,,,,5577146.0,1087.221,,,8185415.0,3971259.0,3856161.0,357995.0,157.86,76.59,74.37,6.9,96.3,18.206,37.9,15.322,9.72,36085.843,,128.797,8.08,14.8,17.2,,2.61,82.29,0.931,5185289.0,-2072.6,-3.92,10.76,-404.03687
Nicaragua,13563.0,217.0,1951.962,31.23,1.35,,,,,,,,,,,,,7785141.0,4879356.0,2905785.0,,112.04,70.22,41.82,,13.89,51.667,27.3,5.445,3.519,5321.444,3.2,137.016,11.47,,,,0.9,74.48,0.66,6948395.0,17417.799,36.93,182.28,2542.5417
Niger,7365.0,274.0,281.021,10.455,1.25,,,,,,,,,,,,,971636.0,507223.0,464413.0,,3.71,1.94,1.77,,27.78,16.955,15.1,2.553,1.378,926.0,44.5,238.339,2.42,0.1,15.4,8.978,0.3,62.42,0.394,26207982.0,,,,
Nigeria,241513.0,3030.0,1105.114,13.865,1.36,,,,,,,,,3823309.0,17.916,0.246,403.3,14838199.0,10310476.0,4482899.0,,6.79,4.72,2.05,,58.33,209.588,18.1,2.751,1.447,5338.454,,181.013,2.42,0.6,10.8,41.949,,54.69,0.539,218541216.0,,,,
Niue,,,,,,,,,,,,,,,,,,2628.0,1202.0,1150.0,,134.63,61.58,58.91,,,,,,,,,,,,,,,73.71,,1952.0,,,,
North America,64102325.0,1224887.0,106779.608,2040.378,,,,,,,,,,,,,,841887464.0,405815271.0,352740617.0,91239812.0,140.24,67.6,58.76,15.2,,,,,,,,,,,,,,,,600323657.0,,,,
North Korea,,,,,,,,,,,,,,99608.0,3.835,,,,,,,,,,,,211.701,35.3,9.491,6.139,,,321.681,4.0,,,,13.2,72.27,,26069416.0,,,,
North Macedonia,225049.0,7964.0,107493.483,3803.963,2.45,,,,,,,,,1511884.0,718.805,0.3117,511.2,1755026.0,842871.0,816777.0,95378.0,83.83,40.26,39.01,4.56,,82.6,39.1,13.26,8.16,13111.214,5.0,322.688,10.08,,,,4.28,75.8,0.774,2093606.0,14196.201,35.69,101.01,6749.3965
Northern Cyprus,,,,,,,,,,,,,,,,,,617389.0,284357.0,275988.0,80243.0,161.27,74.28,72.09,20.96,,,,,,,,,,,,,,,,382836.0,,,,
Northern Ireland,,,,,,63.0,33.228,1059.0,558.544,,,657.0,346.519,,,,,3520286.0,1399070.0,1296530.0,824686.0,185.67,73.79,68.38,43.5,,,,,,,,,,,,,,,,1896000.0,,,,
Northern Mariana Islands,3255.0,13.0,65659.418,262.234,,,,,,,,,,59110.0,1194.6,0.831,1000.0,,,,,,,,,,119.878,,,,,,194.994,,,,,,76.74,,49574.0,,,,
Norway,394909.0,1394.0,72669.388,256.518,1.45,,,383.0,70.478,72.0,13.169,257.0,47.298,9256717.0,1713.248,0.27,111.1,9789464.0,4292402.0,3929338.0,1567724.0,180.14,78.99,72.31,28.85,73.15,14.462,39.7,16.821,10.813,64800.057,0.2,114.316,5.31,19.6,20.7,,3.6,82.4,0.957,5434324.0,1155.8999,1.43,27.44,213.93585
Oceania,548908.0,4989.0,12187.431,110.771,,,,,,,,,,,,,,54154963.0,26305175.0,25111161.0,2738351.0,120.24,58.41,55.75,6.08,,,,,,,,,,,,,,,,45038860.0,,,,
Oman,305489.0,4483.0,66754.583,979.612,2.04,,,,,,,,,,,,,6118018.0,3121894.0,2902254.0,32412.0,133.69,68.22,63.42,0.71,84.26,14.98,30.7,2.355,1.53,37960.709,,266.342,12.61,0.5,15.6,97.4,1.6,77.86,0.813,4576300.0,4533.0,28.99,132.68,1002.77094
Pakistan,1294861.0,28921.0,5490.774,122.638,1.44,,,,,,,,,23372405.0,101.003,0.1059,174.9,156623021.0,96980678.0,70576467.0,,66.41,41.12,29.93,,78.24,255.573,23.5,4.495,2.78,5034.708,4.0,423.031,8.35,2.8,36.7,59.607,0.6,67.27,0.557,235824864.0,,,,
Palau,12.0,,663.57,,,,,,,,,,,,,,,,,,,,,,,,47.237,,,,13240.405,,,15.89,7.7,22.7,,4.8,73.7,0.826,18084.0,,,,
Palestine,470303.0,4931.0,89580.227,939.224,1.81,,,,,,,,,,,0.8582,59.9,3383211.0,1910794.0,1515699.0,2779.0,64.44,36.4,28.87,0.05,92.59,778.202,20.4,3.043,1.726,4449.898,1.0,265.91,10.59,,,,,74.05,0.708,5250076.0,4737.8003,19.34,67.69,922.9374
Panama,491043.0,7425.0,111383.433,1684.215,1.71,,,,,,,,,4506267.0,1035.622,0.2813,45.9,6193744.0,3120802.0,2804103.0,268839.0,140.49,70.79,63.61,6.1,89.81,55.133,29.7,7.918,5.03,22267.037,2.2,128.346,8.33,2.4,9.9,,2.3,78.51,0.815,4408582.0,7525.8994,24.63,86.76,1729.5892
Papua New Guinea,36190.0,590.0,3568.11,58.17,1.41,,,,,,,,,,,,,504018.0,283915.0,220103.0,,4.97,2.8,2.17,,74.88,18.22,22.6,3.808,2.142,3823.194,,561.494,17.65,23.5,48.8,,,64.5,0.555,10142625.0,,,,
Paraguay,466101.0,16624.0,68738.907,2451.648,1.2,,,,,,,,,2048822.0,305.621,0.4567,95.5,6833614.0,3469821.0,2948027.0,415766.0,100.78,51.17,43.48,6.13,76.85,17.144,26.5,6.378,3.833,8827.01,1.7,199.128,8.27,5.0,21.6,79.602,1.3,74.25,0.728,6780745.0,22021.602,36.84,154.36,3284.9421
Peru,2287494.0,202584.0,67181.253,5949.676,1.5,,,,,,,,,21790289.0,646.299,0.177,47.6,51093788.0,24839409.0,22086000.0,4168379.0,150.06,72.95,64.86,12.24,75.0,25.129,29.1,7.151,4.455,12236.706,3.5,85.755,5.95,4.8,,,1.6,76.74,0.777,34049588.0,181545.02,76.55,210.79,5384.6216
Philippines,2843869.0,51504.0,24609.67,445.694,4.22,,,,,,,,,23778192.0,208.8,0.2753,335.5,108534301.0,56110301.0,49626439.0,1786975.0,93.92,48.56,42.94,1.55,81.02,351.873,25.2,4.803,2.661,7599.188,,370.437,7.07,7.8,40.8,78.463,1.0,71.23,0.718,115559008.0,230404.61,19.32,123.25,2023.2168
Pitcairn,,,,,,,,,,,,,,,,,,94.0,47.0,47.0,,200.0,100.0,100.0,,,,,,,,,,,,,,,,,47.0,,,,
Poland,4109201.0,97058.0,103098.23,2435.147,1.64,,,34864.0,874.724,,,,,27906302.0,728.477,0.3369,510.3,46987401.0,21673668.0,21046400.0,6865164.0,117.89,54.38,52.8,17.22,80.56,124.027,41.8,16.763,10.202,27216.445,,227.331,5.91,23.3,33.1,,6.62,78.73,0.88,39857144.0,153806.5,18.38,67.9,4015.026
Portugal,1356390.0,18937.0,132062.008,1843.76,1.57,904.0,88.016,6869.0,668.785,,,,,26804825.0,2604.913,0.2036,151.8,19964814.0,9392871.0,8534163.0,3136652.0,194.38,91.45,83.09,30.54,87.96,112.371,46.2,21.502,14.924,27936.896,0.5,127.842,9.85,16.3,30.0,,3.39,82.05,0.864,10270857.0,20808.002,14.14,72.3,2022.1362
Puerto Rico,317561.0,3319.0,97638.614,1020.473,,,,,,,,,,2244958.0,689.477,0.823,90.9,,,,,,,,,,376.232,38.2,15.168,9.829,35044.67,,108.094,12.9,,,,,80.1,,3252412.0,4656.299,8.43,29.15,1430.0541
Qatar,249787.0,617.0,92680.838,228.931,2.12,,,,,,,,,4163972.0,1548.961,,,5205664.0,2360308.0,2218292.0,,193.15,87.58,82.31,,87.96,227.322,31.9,1.307,0.617,116935.6,,176.69,16.52,0.8,26.9,,1.2,80.23,0.848,2695131.0,920.6,23.64,115.97,342.45465
Reunion,76602.0,409.0,78641.811,419.891,,,,,,,,,,,,,,,,,,,,,,,,36.0,,6.841,,,,,,,,,80.48,,974062.0,280.49997,2.64,43.63,290.33298
Romania,1807223.0,58714.0,91927.269,2986.581,1.63,1902.0,96.748,20951.0,1065.706,,,,,16695984.0,863.799,0.3042,545.3,15824909.0,5474507.0,7817215.0,,80.5,27.85,39.76,,76.85,85.129,43.0,17.85,11.69,23313.199,5.7,370.946,9.74,22.9,37.1,,6.892,76.05,0.828,19659270.0,106341.9,20.62,130.11,5501.802
Russia,10499982.0,308860.0,72557.126,2134.289,1.27,,,,,,,,,240477547.0,1657.291,0.0967,40.4,146364014.0,73824201.0,66773441.0,7382067.0,101.14,51.01,46.14,5.1,66.2,8.823,39.6,14.178,9.393,24765.954,0.1,431.297,6.18,23.4,58.3,,8.05,72.58,0.824,144713312.0,1076833.1,30.74,84.53,7421.1763
Rwanda,110558.0,1349.0,8024.998,97.919,2.41,,,,,,,,,3989715.0,296.371,0.1257,1175.9,12588963.0,7629877.0,5435180.0,,91.38,55.38,39.45,,76.85,494.869,20.3,2.974,1.642,1854.211,56.0,191.375,4.28,4.7,21.0,4.617,,69.02,0.543,13776702.0,,,,
Saint Barthelemy,1726.0,4.0,156994.724,363.835,,,,,,,,,,,,,,,,,,,,,,,,,,,,,,,,,,,,,10994.0,,,,
Saint Helena,,,,,,,,,,,,,,,,,,7892.0,4361.0,3531.0,,146.12,80.74,65.38,,,,,,,,,,,,,,,80.56,,5401.0,,,,
Saint Kitts and Nevis,2918.0,28.0,61198.381,587.236,2.65,,,,,,,,,58933.0,1237.932,0.2725,112.0,54868.0,27615.0,25619.0,1634.0,115.07,57.92,53.73,3.43,,212.865,,,,24654.385,,,12.84,,,,2.3,76.23,0.779,47681.0,105.0,14.46,80.43,2204.4468
Saint Lucia,13473.0,295.0,74903.265,1640.055,1.53,,,,,,,,,,,,,104994.0,55681.0,49313.0,,58.37,30.96,27.42,,,293.187,34.9,9.721,6.405,12951.839,,204.62,11.62,,,87.202,1.3,76.2,0.759,179872.0,,,,
Saint Martin (French part),4118.0,39.0,129431.732,1225.798,,,,,,,,,,,,,,,,,,,,,,,590.533,,,,,,,,,,,,82.08,,31816.0,,,,
Saint Pierre and Miquelon,98.0,,16652.506,,,,,,,,,,,,,,,,,,,,,,,,,,,,,,,,,,,,81.07,,5885.0,,,,
Saint Vincent and the Grenadines,5952.0,83.0,57253.34,798.392,1.48,,,,,,,,,93855.0,899.58,0.3195,22.3,61198.0,33494.0,26244.0,,58.87,32.22,25.24,,,281.787,31.8,7.724,4.832,10727.146,,252.675,11.62,,,,2.6,72.53,0.738,103959.0,128.6,6.11,82.54,1232.5092
Samoa,2.0,,8.993,,,,,,,,,,,,,,,263189.0,141424.0,121765.0,,118.35,63.59,54.75,,,69.413,22.0,5.606,3.564,6021.557,,348.977,9.21,16.7,38.1,,,73.32,0.715,222390.0,,,,
San Marino,8251.0,99.0,244909.469,2938.557,1.54,,,,,,,,,,,,,53942.0,24306.0,21625.0,,160.11,72.15,64.19,,75.93,556.667,,,,56861.47,,,5.64,,,,3.8,84.97,,33690.0,133.8,31.61,63.64,3961.862
Sao Tome and Principe,3877.0,57.0,17049.777,250.667,2.0,,,,,,,,,,,,,137612.0,86396.0,51216.0,,60.52,37.99,22.52,,,212.841,18.7,2.886,2.162,3052.714,32.3,270.113,2.42,,,41.34,2.9,70.39,0.625,227393.0,,,,
Saudi Arabia,555417.0,8875.0,15255.011,243.76,2.09,,,,,,,,,33310519.0,926.569,0.0179,2337.5,50894142.0,25017090.0,23180879.0,2696173.0,139.79,68.71,63.67,7.41,64.24,15.322,31.9,3.295,1.845,49045.411,,259.538,17.72,1.8,25.4,,2.7,75.13,0.854,36408824.0,,,,
Scotland,,,,,,161.0,29.455,2053.0,375.595,,,1411.0,258.141,,,,,11392828.0,4383209.0,4017043.0,2992576.0,208.43,80.19,73.49,54.75,,,,,,,,,,,,,,,,5466000.0,,,,
Senegal,74870.0,1890.0,4323.634,109.145,2.13,,,,,,,,,934399.0,55.366,0.3218,725.7,1903098.0,1316401.0,918359.0,,10.99,7.6,5.3,,58.8,82.328,18.7,3.008,1.796,2470.58,38.0,241.219,2.42,0.4,16.6,20.859,,67.94,0.512,17316452.0,,,,
Serbia,1297147.0,12688.0,188770.738,1846.455,1.56,299.0,43.513,8534.0,1241.933,,,,,7239853.0,1053.599,0.349,100.8,8239799.0,3309157.0,3207534.0,1723108.0,119.91,48.16,46.68,25.08,61.11,80.291,41.2,17.366,,14048.881,,439.415,10.08,37.7,40.2,97.719,5.609,76.0,0.806,6871547.0,50745.402,25.12,86.41,6954.501
Seychelles,24788.0,126.0,231371.634,1176.086,1.25,,,,,,,,,,,,,183472.0,82348.0,78263.0,,171.25,76.86,73.05,,84.26,208.354,36.2,8.606,5.586,26382.287,1.1,242.648,10.55,7.1,35.7,,3.6,73.4,0.796,107135.0,-90.100006,-6.1,49.38,-846.12067
Sierra Leone,6983.0,123.0,811.437,14.293,1.86,,,,,,,,,,,,,868726.0,703231.0,361089.0,,10.09,8.17,4.2,,60.19,104.7,19.1,2.538,1.285,1390.3,52.2,325.721,2.42,8.8,41.3,19.275,,54.7,0.452,8605723.0,,,,
Singapore,279405.0,828.0,49566.065,146.886,2.22,,,,,,,,,,,,,11795254.0,4859718.0,4684521.0,2201705.0,209.25,86.21,83.1,39.06,58.33,7915.731,42.4,12.922,7.049,85535.383,,92.243,10.99,5.2,28.3,,2.4,83.62,0.938,5637022.0,1838.0,4.13,31.92,309.37225
Sint Maarten (Dutch part),5054.0,75.0,114364.591,1697.14,,,,,,,,,,,,,,52304.0,27141.0,25163.0,,118.36,61.42,56.94,,,1209.088,,,,36327.232,,,,,,,,78.95,,44192.0,,,,
Slovakia,841733.0,16635.0,149152.071,2947.662,1.59,633.0,112.165,3958.0,701.343,151.0,26.68,1438.0,254.843,46426750.0,8522.388,0.172,1000.0,5000849.0,2525330.0,2451335.0,121474.0,88.61,44.75,43.44,2.15,74.07,113.128,41.2,15.07,9.167,30155.152,0.7,287.959,7.29,23.1,37.7,,5.82,77.54,0.86,5643455.0,24438.896,22.78,93.02,4486.1597
Slovenia,464121.0,6120.0,218941.214,2887.006,1.48,289.0,136.331,1266.0,597.214,162.0,76.405,756.0,356.4,2081491.0,982.109,0.438,55.6,2761948.0,1250439.0,1188990.0,467389.0,130.29,58.99,56.09,22.05,85.19,102.619,44.5,19.062,12.93,31400.84,,153.493,7.25,20.1,25.0,,4.5,81.32,0.917,2119843.0,5032.2,15.49,55.62,2374.3423
Solomon Islands,24.0,,33.137,,,,,,,,,,,,,,,235918.0,179973.0,55945.0,,32.57,24.85,7.72,,38.89,21.841,20.8,3.507,2.043,2205.923,25.1,459.78,18.68,,,35.89,1.4,73.0,0.567,724272.0,,,,
Somalia,23532.0,1333.0,1337.235,75.749,1.34,,,,,,,,,,,,,1504914.0,1203131.0,810010.0,,8.55,6.84,4.6,,65.74,23.5,16.8,2.731,1.496,,,365.769,6.05,,,9.831,0.9,57.4,,17597508.0,,,,
South Africa,3446532.0,91061.0,57543.972,1520.372,1.69,2495.0,41.657,18034.0,301.099,,,18184.0,303.604,21231024.0,357.471,0.3512,103.8,27903338.0,18905708.0,15833594.0,,46.59,31.57,26.44,,72.22,46.754,27.3,5.344,3.053,12294.876,18.9,200.38,5.52,8.1,33.2,43.993,2.32,64.13,0.709,59893884.0,247375.84,25.25,170.71,4165.1196
South America,39873056.0,1192550.0,91280.983,2730.093,,,,,,,,,,,,,,652102111.0,330675359.0,276215725.0,54919880.0,149.29,75.7,63.23,12.57,,,,,,,,,,,,,,,,436816679.0,,,,
South Korea,635250.0,5625.0,12259.772,108.558,1.46,1151.0,22.213,,,649.0,12.525,5724.0,110.468,45323897.0,874.47,0.0269,176.1,103955630.0,43958869.0,42319015.0,18487659.0,200.63,84.84,81.67,35.68,67.59,527.967,43.4,13.914,8.622,35938.374,0.2,85.998,6.8,6.2,40.9,,12.27,83.03,0.916,51815808.0,7612.801,1.24,16.39,146.87982
South Sudan,15626.0,136.0,1431.848,12.462,1.59,,,,,,,,,164472.0,15.302,0.3558,3069.9,268640.0,227262.0,181577.0,,2.46,2.08,1.66,,62.96,,19.2,3.441,2.032,1569.888,,280.775,10.43,,,,,57.85,0.433,10913172.0,,,,
Spain,6505901.0,91688.0,136797.48,1927.894,1.87,4894.0,102.905,27029.0,568.33,2334.0,49.076,22669.0,476.654,73454765.0,1546.842,0.308,50.0,83529796.0,39664717.0,37869504.0,13743032.0,175.64,83.4,79.63,28.9,78.7,93.105,45.5,19.436,13.799,34272.36,1.0,99.403,7.17,27.4,31.4,,2.97,83.56,0.904,47558632.0,96592.42,16.4,24.55,2034.0842
Sri Lanka,587245.0,14979.0,26898.175,686.098,1.63,,,,,,,,,6691200.0,307.31,0.2985,55.0,33841264.0,15991500.0,13843044.0,4006720.0,155.01,73.25,63.41,18.35,90.74,341.955,34.1,10.069,5.331,11669.077,0.7,197.093,10.68,0.3,27.0,,3.6,76.98,0.782,21832150.0,,,,
Sudan,46911.0,3337.0,1000.785,71.191,0.94,,,,,,,,,,,,,3276654.0,2782463.0,1234386.0,,6.99,5.94,2.63,,64.81,23.258,19.7,3.548,2.034,4466.507,,431.388,15.67,,,23.437,0.8,65.31,0.51,46874200.0,,,,
Suriname,52031.0,1189.0,84186.29,1923.805,2.4,,,,,,,,,55939.0,91.257,0.466,17.9,489798.0,261545.0,228253.0,,79.25,42.32,36.93,,89.81,3.612,29.6,6.933,4.229,13767.119,,258.314,12.54,7.4,42.9,67.779,3.1,71.68,0.738,618046.0,1584.8,20.01,110.94,2585.3645
Sweden,1326172.0,15345.0,125711.264,1454.592,1.57,416.0,39.434,2776.0,263.144,,,,,15158251.0,1448.181,0.2471,155.6,17617810.0,7593376.0,7256183.0,,167.0,71.98,68.78,,71.13,24.718,41.0,19.985,13.433,46949.283,0.5,133.982,4.79,18.8,18.9,,2.22,82.8,0.945,10549349.0,9791.5,9.33,30.95,935.4553
Switzerland,1334832.0,11921.0,152718.543,1363.885,1.61,443.0,50.684,2697.0,308.565,,,1141.0,130.542,14378598.0,1654.347,0.291,142.9,13846446.0,5966500.0,,2202912.0,158.42,68.26,,25.2,60.19,214.243,43.1,18.436,12.644,57410.166,,99.739,5.59,22.6,28.9,,4.53,83.78,0.955,8740471.0,11293.397,12.89,41.86,1299.3748
Syria,50243.0,2893.0,2270.845,130.756,1.68,,,,,,,,,,,,,1753522.0,1194896.0,781603.0,,7.93,5.4,3.53,,60.65,,21.7,,2.577,,,376.264,,,,70.598,1.5,72.7,0.567,22125242.0,,,,
Taiwan,,,,,2.14,,,,,,,,,4968777.0,208.248,0.0288,4738.9,34872136.0,18712858.0,16159278.0,158706.0,145.95,78.32,67.63,0.66,76.85,,42.2,,8.353,,,103.957,,,,,,80.46,,23893396.0,-3424.4006,-0.95,15.29,-143.52113
Tajikistan,17493.0,125.0,1757.598,12.559,2.2,,,,,,,,,,,,,6605225.0,3709690.0,2895535.0,,66.37,37.27,29.09,,48.15,64.281,23.3,3.466,2.155,2896.913,4.8,427.698,7.11,,,72.704,4.8,71.1,0.668,9952789.0,16871.7,29.42,127.7,1730.4169
Tanzania,29306.0,737.0,447.435,11.252,0.38,,,,,,,,,,,,,2431769.0,2079930.0,1646261.0,,3.71,3.18,2.51,,38.89,64.699,17.7,3.108,1.874,2683.304,49.1,217.288,5.75,3.3,26.7,47.953,0.7,65.46,0.529,65497752.0,,,,
Thailand,2223435.0,21698.0,31011.538,302.635,1.91,,,,,,,,,17729894.0,247.62,0.3777,293.9,105160269.0,51410504.0,46319204.0,7430561.0,146.67,71.71,64.6,10.36,75.93,135.132,40.1,11.373,6.89,16277.671,0.1,109.861,7.04,1.9,38.8,90.67,2.1,77.15,0.777,71697024.0,63120.0,6.3,35.65,881.55066
Timor,19837.0,122.0,14789.405,90.957,1.58,,,,,,,,,211166.0,159.86,0.3911,1713.3,1195990.0,662963.0,533027.0,,89.17,49.43,39.74,,87.04,87.176,18.0,3.556,1.897,6570.102,30.3,335.346,6.86,6.3,78.1,28.178,5.9,69.5,0.606,1341298.0,,,,
Togo,30163.0,248.0,3408.749,28.027,2.02,,,,,,,,,617034.0,71.376,0.2567,298.3,2413619.0,1391738.0,1020872.0,,27.28,15.73,11.54,,69.44,143.366,19.4,2.839,1.525,1429.813,49.2,280.033,6.15,0.9,14.2,10.475,0.7,61.04,0.515,8848700.0,,,,
Tokelau,,,,,,,,,,,,,,,,,,1936.0,968.0,968.0,,102.27,51.14,51.14,,,,,,,,,,,,,,,81.86,,1893.0,,,,
Tonga,1.0,,9.357,,,,,,,,,,,,,,,130236.0,73609.0,56627.0,,121.87,68.88,52.99,,82.87,150.028,22.3,5.82,4.032,5425.621,,227.49,15.42,11.8,44.4,,2.6,70.91,0.725,106867.0,,,,
Trinidad and Tobago,90829.0,2825.0,59324.918,1845.147,1.59,,,,,,,,,511257.0,335.105,0.689,166.7,1408384.0,712256.0,668717.0,76184.0,91.99,46.52,43.68,4.98,92.59,266.886,36.2,10.014,5.819,28763.071,,228.467,10.97,,,89.443,3.0,73.51,0.796,1531043.0,,,,
Tunisia,725842.0,25564.0,58743.54,2068.935,1.65,,,,,,,,,3353887.0,273.498,0.4881,53.0,12156566.0,6889208.0,5921997.0,856236.0,98.39,55.76,47.93,6.93,85.19,74.228,32.7,8.001,5.075,10849.297,2.0,318.991,8.52,1.1,65.8,78.687,2.3,76.7,0.74,12356116.0,29906.4,23.32,142.49,2438.761
Turkey,9441764.0,82104.0,110635.41,962.067,1.52,,,,,,,,,118984862.0,1403.53,0.1927,45.6,131646005.0,56914268.0,51604894.0,23126843.0,154.26,66.69,60.47,27.1,80.56,104.914,31.6,8.153,5.061,25129.341,0.2,171.285,12.13,14.1,41.1,,2.81,77.69,0.82,85341248.0,181496.4,20.35,46.37,2140.9087
Turkmenistan,,,,,,,,,,,,,,,,,,51746.0,32240.0,19506.0,,0.8,0.5,0.3,,75.0,12.253,26.9,4.277,2.541,16389.023,,536.783,7.11,,,100.0,7.4,68.19,0.715,6430777.0,,,,
Turks and Caicos Islands,3283.0,26.0,71797.227,568.604,,,,,,,,,,,,,,56343.0,29210.0,27133.0,,123.22,63.88,59.34,,,37.312,,,,,,,,,,,,80.22,,45726.0,,,,
Tuvalu,,,,,,,,,,,,,,,,,,12114.0,6230.0,5884.0,,106.87,54.96,51.91,,,373.067,,,,3575.104,3.3,,27.25,,,,,67.57,,11335.0,,,,
Uganda,142671.0,3297.0,3019.518,69.778,2.26,,,,,,,,,2160185.0,47.11,0.9704,180.7,9763030.0,8354808.0,1408222.0,,20.66,17.68,2.98,,81.48,213.759,16.4,2.168,1.308,1697.707,41.6,213.333,2.5,3.4,16.7,21.222,0.5,63.37,0.544,47249588.0,,,,
Ukraine,3667649.0,95899.0,92380.048,2415.486,1.29,,,,,,,,,16786785.0,385.625,0.5037,22.4,28457565.0,14713309.0,13755421.0,9515.0,71.68,37.06,34.65,0.02,76.39,77.39,41.4,16.462,11.133,7894.393,0.1,539.849,7.11,13.5,47.4,,8.8,72.06,0.779,39701744.0,178896.4,15.53,83.82,4109.5923
United Arab Emirates,759511.0,2162.0,80446.976,228.998,2.7,,,,,,,,,111667119.0,11923.695,0.0238,5042.1,22406584.0,9881456.0,9059559.0,3456677.0,237.33,104.66,95.96,36.61,62.04,112.442,34.0,1.144,0.526,67293.483,,317.84,17.26,1.2,37.4,,1.2,77.97,0.89,9441138.0,,,,
United Kingdom,13441675.0,176813.0,199109.567,2619.105,1.41,4077.0,60.392,39258.0,581.523,,,29649.0,439.186,393314236.0,5845.841,0.1311,514.8,133312817.0,51786768.0,47434251.0,34091798.0,197.47,76.71,70.26,50.5,87.96,272.898,40.8,18.517,12.527,39753.244,0.2,122.137,4.28,20.0,24.7,,2.54,81.32,0.932,67508936.0,136447.2,15.77,46.09,2028.0187
United States,53534286.0,819055.0,158249.753,2421.163,1.68,28891.0,85.403,133263.0,393.931,,,117659.0,347.805,726359152.0,2155.384,0.26,58.8,521797692.0,244104717.0,210360591.0,77816104.0,157.16,73.52,63.36,23.44,71.76,35.608,38.3,15.413,9.732,54225.446,1.2,151.089,10.79,19.1,24.6,,2.77,78.86,0.926,338289856.0,956015.6,17.14,40.11,2836.8616
United States Virgin Islands,9055.0,89.0,91024.236,894.661,,,,,,,,,,99536.0,994.455,0.406,333.3,,,,,,,,,,306.48,42.2,18.601,10.799,,,273.67,12.26,,,,,80.58,,99479.0,,,,
Upper middle income,83640278.0,2200258.0,33112.781,871.071,,,,,,,,,,,,,,4204372021.0,1952724138.0,1805300168.0,214677998.0,166.45,77.31,71.47,8.5,,,,,,,,,,,,,,,,2525921300.0,,,,
Uruguay,410311.0,6168.0,119875.973,1802.036,1.57,,,,,,,,,4410719.0,1287.328,0.2701,92.0,6979515.0,2760147.0,2680675.0,1538693.0,203.91,80.64,78.32,44.95,75.93,19.751,35.6,14.655,10.361,20551.409,0.1,160.708,6.93,14.0,19.9,,2.8,77.91,0.817,3422796.0,3592.4,6.41,70.02,1048.4886
Uzbekistan,198903.0,1485.0,5744.052,42.885,1.48,,,,,,,,,,,,,39036802.0,18056727.0,11102403.0,,112.73,52.15,32.06,,71.3,76.134,28.2,4.469,2.873,6253.104,,724.417,7.57,1.3,24.7,,4.0,71.72,0.72,34627648.0,38864.402,13.78,70.68,1140.3389
Vanuatu,7.0,,21.423,,,,,,,,,,,,,,,152711.0,102308.0,50403.0,,46.74,31.31,15.43,,22.22,22.662,23.1,4.394,2.62,2921.909,13.2,546.3,12.02,2.8,34.5,25.209,,70.47,0.609,326744.0,,,,
Vatican,26.0,,32178.218,,,,,,,,,,,,,,,,,,,,,,,,,,,,,,,,,,,,75.12,,808.0,,,,
Venezuela,444186.0,5321.0,15694.676,188.01,1.15,,,,,,,,,,,,,30049714.0,18393519.0,11608305.0,,106.18,64.99,41.02,,97.22,36.253,29.0,6.614,3.915,16745.022,,204.85,6.47,,,,0.8,72.06,0.711,28301700.0,,,,
Vietnam,1731257.0,32394.0,17632.268,329.922,2.02,,,,,,,,,74637039.0,765.759,0.111,77.2,150935915.0,77555511.0,68435813.0,,153.72,78.99,69.7,,79.17,308.127,32.6,7.15,4.718,6171.884,2.0,245.465,6.0,1.0,45.9,85.847,2.6,75.4,0.704,98186856.0,,,,
Wales,,,,,,150.0,47.319,2009.0,633.754,,,912.0,287.697,,,,,6483034.0,2490591.0,2303258.0,1689185.0,204.51,78.57,72.66,53.29,,,,,,,,,,,,,,,,3170000.0,,,,
Wallis and Futuna,453.0,7.0,39065.195,603.656,,,,,,,,,,,,,,11939.0,6016.0,5923.0,,102.96,51.88,51.08,,,,,,,,,,,,,,,79.94,,11596.0,,,,
World,287186646.0,5478280.0,36010.39,686.923,1.5,,,,,,,,,,,,,9178681347.0,4558427062.0,3879604649.0,536336838.0,115.09,57.16,48.65,6.73,,58.045,30.9,8.696,5.355,15469.207,10.0,233.07,8.51,6.434,34.635,60.13,2.705,72.58,0.737,7975105024.0,,,,
Yemen,10126.0,1984.0,300.505,58.878,1.81,,,,,,,,,,,,,547019.0,331778.0,215241.0,,1.62,0.98,0.64,,37.96,53.508,20.3,2.922,1.583,1479.147,18.8,495.003,5.35,7.6,29.2,49.542,0.7,66.12,0.47,33696612.0,,,,
Zambia,249193.0,3730.0,12448.652,186.335,2.43,,,,,,,,,2959116.0,151.959,0.3133,376.5,1730165.0,806611.0,1217415.0,,8.64,4.03,6.08,,60.19,22.995,17.7,2.48,1.542,3689.251,57.5,234.499,3.94,3.1,24.7,13.938,2.0,63.89,0.584,20017670.0,,,,
Zimbabwe,211728.0,4997.0,12973.101,306.179,2.63,,,,,,,,,1707232.0,106.745,0.4415,139.6,7264791.0,4124378.0,3135168.0,5245.0,44.51,25.27,19.21,0.03,87.96,42.729,19.6,2.822,1.882,1899.775,21.4,307.846,1.82,1.6,30.7,36.791,1.7,61.49,0.571,16320539.0,,,,
